driverID,first_name,last_name,overall_rating,gender,mobile_number,email
DR300,Colt,Meyers,1.8,Male,(863) 236-7616,colt3593@yahoo.edu
DR301,Castor,Knight,2.5,Female,(988) 232-3212,castor1369@google.com
DR302,Kim,Edwards,4.4,Female,(405) 466-7819,kim@yahoo.edu
DR303,Xavier,Mosley,1.6,Female,(166) 465-8729,xavier@google.com
DR304,Phoebe,Bell,1.7,Male,(728) 503-4530,phoebe@google.edu
DR305,Mariam,Elliott,2.8,Male,(631) 131-3723,mariam@google.com
DR306,Brianna,Colon,2.6,Male,(551) 691-3267,brianna@outlook.edu
DR307,Candace,Ferguson,4.2,Female,(813) 738-6724,candace@outlook.edu
DR308,Myles,Crane,4.2,Female,(628) 345-6123,myles@yahoo.org
DR309,Brynn,Saunders,2.7,Male,(851) 327-8122,brynn@yahoo.com
DR310,Shoshana,Russo,3.2,Female,(894) 858-2282,shoshana4480@outlook.edu
DR311,Mufutau,Burks,2.7,Male,(782) 681-2489,mufutau986@yahoo.edu
DR312,Akeem,Klein,2.5,Male,(130) 406-7898,akeem2486@outlook.edu
DR313,Priscilla,Donovan,3.1,Male,(358) 741-4821,priscilla6619@yahoo.org
DR314,Buckminster,Mcfadden,4,Male,(452) 733-8458,buckminster7311@google.edu
DR315,Quyn,Stephens,3.3,Male,(353) 578-6889,quyn@outlook.org
DR316,Priscilla,Harrison,2.5,Female,(265) 278-3678,priscilla@google.edu
DR317,Wayne,Cantrell,4.7,Male,(729) 852-1817,wayne1552@outlook.org
DR318,Reuben,Bailey,3.2,Male,(344) 627-2153,reuben@outlook.edu
DR319,Ulric,Roberts,1.1,Male,(222) 669-4018,ulric@outlook.org
DR320,Amos,Mullen,2.9,Female,(578) 554-2931,amos@yahoo.com
DR321,Destiny,Lowe,4.2,Male,(768) 495-1377,destiny703@yahoo.com
DR322,Idola,Faulkner,1.4,Female,(282) 281-7855,idola@yahoo.org
DR323,Pearl,Mcclain,1.7,Male,(171) 649-2756,pearl@google.edu
DR324,Cairo,Myers,4.1,Male,(854) 435-4914,cairo8195@google.org
DR325,Jayme,Blanchard,4,Male,(229) 352-4388,jayme3678@google.org
DR326,Branden,Mckinney,2.8,Male,(136) 237-1764,branden6931@google.com
DR327,Kelly,Weiss,4.2,Female,(435) 256-8122,kelly@google.com
DR328,Dale,Hutchinson,3.3,Male,(843) 854-7289,dale6449@yahoo.org
DR329,Andrew,Martin,2.8,Female,(521) 691-7268,andrew3314@yahoo.edu
DR330,Dorian,Horn,3.3,Female,(715) 763-7634,dorian@google.edu
DR331,Ronan,Lamb,4,Female,(333) 262-7524,ronan2713@outlook.com
DR332,Tamekah,Sherman,4.9,Male,(753) 781-6161,tamekah3117@yahoo.org
DR333,Bradley,Alvarado,3.8,Female,(877) 587-4203,bradley9674@google.com
DR334,Lars,Mosley,5,Female,(593) 563-8838,lars8238@google.org
DR335,Calista,Leonard,4,Male,(368) 353-9461,calista@yahoo.com
DR336,Guy,Aguilar,3.8,Female,(407) 215-9116,guy2079@outlook.com
DR337,Yasir,Stout,4.5,Female,(572) 660-3289,yasir7881@google.edu
DR338,Erica,Hampton,3.3,Female,(362) 622-5923,erica3110@outlook.edu
DR339,Thaddeus,Carey,4.3,Female,(858) 571-9174,thaddeus@outlook.com
DR340,Zenia,Finley,1.9,Male,(824) 368-6633,zenia9750@yahoo.edu
DR341,Kathleen,Hyde,4.1,Female,(512) 383-3250,kathleen7766@yahoo.edu
DR342,Ayanna,Colon,2.8,Female,(173) 666-1588,ayanna1549@outlook.org
DR343,Mark,Griffin,3.6,Female,(633) 250-5073,mark4282@outlook.edu
DR344,Hall,Nicholson,4.1,Male,(718) 682-1545,hall9180@outlook.com
DR345,Scott,Mcbride,4.4,Male,(935) 829-0453,scott@outlook.com
DR346,Jarrod,Joyner,3.9,Male,(381) 220-1412,jarrod@outlook.org
DR347,Shelly,Russell,4.7,Female,(744) 563-1488,shelly@outlook.org
DR348,Noelle,Carey,3.1,Female,(257) 857-8532,noelle6939@google.com
DR349,Kyra,Pacheco,4.4,Female,(265) 585-2555,kyra@outlook.org
DR350,Nerea,Callahan,3.7,Male,(160) 615-8543,nerea@yahoo.com
DR351,Althea,Wood,1.2,Male,(567) 215-8278,althea@google.edu
DR352,Yeo,Mcknight,2.8,Male,(886) 357-0872,yeo@outlook.edu
DR353,Thomas,Franco,3.2,Male,(638) 121-9459,thomas@yahoo.org
DR354,Kim,Walter,2.2,Female,(855) 172-2227,kim@outlook.com
DR355,Felicia,Cash,4.4,Female,(722) 434-7810,felicia@yahoo.org
DR356,Aaron,Stark,3.8,Female,(873) 347-4356,aaron@outlook.com
DR357,Nomlanga,Roach,4.1,Female,(898) 806-8846,nomlanga6480@outlook.com
DR358,Roanna,Leon,2.4,Male,(560) 327-6481,roanna3513@outlook.org
DR359,Jael,Solis,1.3,Male,(576) 944-5541,jael@outlook.edu
DR360,Ayanna,Oliver,4,Male,(847) 526-8472,ayanna@yahoo.edu
DR361,Ignacia,Roberts,4.7,Female,(853) 214-9266,ignacia3328@google.edu
DR362,Peter,Blackburn,4.2,Male,(821) 817-8746,peter3732@outlook.com
DR363,Davis,Chavez,2.3,Male,(927) 943-8514,davis@outlook.org
DR364,Chava,Moss,1.6,Male,(431) 798-4548,chava@outlook.org
DR365,Amber,Pruitt,3,Male,(928) 893-5166,amber@yahoo.com
DR366,Nina,Baxter,2.3,Female,(868) 797-6267,nina@google.edu
DR367,Ignatius,Bentley,3.1,Male,(221) 297-2656,ignatius8169@yahoo.edu
DR368,Lane,Gonzalez,3.1,Male,(753) 476-8065,lane@yahoo.org
DR369,Honorato,Chan,1.3,Male,(725) 727-5976,honorato664@outlook.org
DR370,Susan,Bonner,1.7,Male,(771) 774-5497,susan2208@google.org
DR371,Phelan,Townsend,3.2,Female,(631) 673-7823,phelan5906@outlook.edu
DR372,Sean,Love,3.6,Male,(758) 242-5773,sean@yahoo.org
DR373,Celeste,Bond,3.4,Male,(161) 554-8545,celeste9854@google.edu
DR374,Nolan,Jacobson,3.1,Male,(122) 885-5671,nolan@google.org
DR375,Xaviera,Huber,3.1,Male,(895) 284-7835,xaviera631@yahoo.com
DR376,Neil,Franco,3.3,Male,(344) 527-3766,neil8057@outlook.edu
DR377,Yoshio,Meyers,3.8,Female,(657) 498-7457,yoshio@outlook.org
DR378,Grace,Hendrix,2.8,Male,(643) 416-9853,grace@outlook.com
DR379,Rylee,Savage,3.1,Male,(522) 391-5100,rylee@yahoo.com
DR380,Daria,Carson,2.4,Male,(785) 611-7301,daria3651@yahoo.org
DR381,Bertha,Cohen,2.5,Male,(225) 855-0732,bertha@outlook.edu
DR382,Andrew,Kemp,4.5,Female,(659) 910-0211,andrew@google.edu
DR383,Amena,Fletcher,1.5,Female,(683) 714-1658,amena@outlook.edu
DR384,Zane,Dodson,4.1,Female,(542) 566-8813,zane8916@google.com
DR385,Chava,Banks,1.4,Male,(391) 620-4681,chava@google.edu
DR386,Aimee,Miller,4.5,Female,(384) 566-2808,aimee@outlook.edu
DR387,Halee,Christensen,4.6,Female,(350) 711-5171,halee6194@yahoo.edu
DR388,Benedict,Fitzgerald,2,Female,(598) 861-3201,benedict@yahoo.edu
DR389,Valentine,Baxter,3.1,Female,(520) 184-6320,valentine937@yahoo.edu
DR390,Maxwell,Horn,4.4,Female,(673) 859-5645,maxwell6149@outlook.com
DR391,Phoebe,Lopez,1.4,Male,(241) 418-3288,phoebe5388@outlook.com
DR392,Burke,Harvey,4.3,Male,(977) 535-7607,burke3933@yahoo.edu
DR393,Clinton,Cox,2,Male,(112) 868-2294,clinton@google.com
DR394,Kiona,Kramer,4.8,Male,(618) 171-1788,kiona3427@outlook.com
DR395,Abbot,Tucker,1.7,Female,(546) 252-6481,abbot@yahoo.org
DR396,Marny,Mejia,3.5,Male,(403) 452-5787,marny@outlook.com
DR397,Vielka,Wise,2.4,Female,(355) 668-6684,vielka2187@yahoo.edu
DR398,Vaughan,Neal,2.7,Male,(928) 583-0211,vaughan5994@google.org
DR399,Jelani,Mullins,3.4,Female,(404) 611-5734,jelani6902@yahoo.org
