userID ,first_name,last_name,overall_rating,gender,mobile_number ,email
PAS100,Haley,Navarro,3.6,Female,(643) 900-7163,haley3254@google.org
PAS101,Tatiana,Mcintyre,2.6,Female,(324) 370-7359,tatiana@yahoo.org
PAS102,Kathleen,Sawyer,5,Female,(778) 535-7477,kathleen6273@google.com
PAS103,Gretchen,Wall,3.7,Female,(137) 775-0060,gretchen6654@yahoo.edu
PAS104,Hedwig,Sargent,2.4,Male ,(808) 638-2338,hedwig689@outlook.edu
PAS105,Bruno,Moss,3.5,Male ,(845) 461-6895,bruno7494@outlook.com
PAS106,Micah,Reed,2.7,Male ,(432) 646-1474,micah2522@outlook.edu
PAS107,Nayda,Moss,2.6,Male ,(772) 692-7017,nayda9397@google.edu
PAS108,Erasmus,Bauer,2.6,Female,(534) 692-4893,erasmus302@google.com
PAS109,Merritt,Mcdonald,4.5,Male ,(413) 827-4724,merritt@yahoo.edu
PAS110,India,O'brien,2.6,Female,(446) 168-2453,india@outlook.org
PAS111,Harlan,Cooper,4.2,Female,(763) 372-3775,harlan127@yahoo.org
PAS112,Eleanor,Sweet,2.5,Female,(532) 765-7513,eleanor@outlook.org
PAS113,Chadwick,Roy,2.5,Male ,(574) 787-5421,chadwick@yahoo.edu
PAS114,Patrick,Workman,3.3,Female,(111) 712-7983,patrick@yahoo.edu
PAS115,Cleo,Blanchard,3.4,Male ,(396) 298-8491,cleo@google.com
PAS116,Ross,Mcdonald,1.2,Female,(836) 221-4560,ross@outlook.org
PAS117,Idona,Bishop,3.4,Female,(702) 988-1287,idona9566@outlook.org
PAS118,Tucker,Carter,4.8,Male ,(262) 252-4927,tucker@yahoo.com
PAS119,Channing,Cline,2.8,Female,(245) 256-5029,channing9602@google.org
PAS120,Rose,Allen,1.8,Male ,(485) 414-0796,rose2801@google.edu
PAS121,Dara,Scott,2.1,Male ,(231) 757-6731,dara@yahoo.com
PAS122,Perry,Peters,3.3,Male ,(306) 741-1627,perry8997@yahoo.edu
PAS123,Forrest,Carter,4.4,Male ,(582) 624-3557,forrest@google.org
PAS124,Imani,Banks,4.3,Female,(114) 312-7588,imani@outlook.org
PAS125,Noel,Sexton,1.4,Male ,(881) 464-8353,noel9008@outlook.com
PAS126,Driscoll,Dean,4.6,Male ,(777) 749-4452,driscoll@outlook.org
PAS127,Buckminster,Spence,2.8,Female,(433) 281-8177,buckminster962@outlook.org
PAS128,Janna,Pate,2.4,Female,(757) 653-2234,janna@yahoo.edu
PAS129,Merrill,Bauer,2.2,Female,(517) 906-2199,merrill@outlook.com
PAS130,Charlotte,Lester,2.7,Male ,(877) 440-6297,charlotte@yahoo.org
PAS131,Uta,Cardenas,4.9,Female,(766) 412-4255,uta6969@outlook.edu
PAS132,Linus,Chen,3.8,Male ,(731) 301-1826,linus@outlook.com
PAS133,Shannon,Chen,3.7,Male ,(716) 961-7714,shannon@google.edu
PAS134,Kylan,Mercado,4.7,Male ,(354) 655-2136,kylan5462@google.com
PAS135,Ella,Mcconnell,1.2,Female,(515) 710-4960,ella@google.org
PAS136,Alice,Alexander,3,Male ,(427) 745-6810,alice@google.org
PAS137,Nathaniel,Craft,4.3,Male ,(644) 332-2379,nathaniel@yahoo.org
PAS138,Mari,Houston,4.3,Male ,(575) 874-3565,mari9130@yahoo.com
PAS139,Violet,Cochran,3.7,Male ,(676) 898-8927,violet@outlook.edu
PAS140,Acton,Joyce,4.5,Male ,(744) 755-9835,acton4067@yahoo.edu
PAS141,Laurel,Robbins,4.2,Female,(723) 723-3282,laurel@outlook.edu
PAS142,Bert,Chan,2.5,Female,(716) 776-1830,bert@outlook.org
PAS143,Stella,Rush,4.8,Male ,(445) 835-1452,stella9395@yahoo.org
PAS144,Orson,Nelson,2.3,Male ,(299) 586-8215,orson1577@outlook.edu
PAS145,Camden,O'connor,3.6,Male ,(893) 455-4347,camden@outlook.com
PAS146,Neil,Pena,2.6,Male ,(468) 594-6441,neil@google.org
PAS147,Teagan,Pena,4.5,Female,(634) 400-2722,teagan9280@yahoo.com
PAS148,Kenneth,Ortiz,4.4,Male ,(166) 382-4222,kenneth@yahoo.org
PAS149,Victoria,Klein,4.5,Female,(213) 324-5186,victoria1424@outlook.org
PAS150,Dahlia,Haynes,4.5,Female,(793) 528-3422,dahlia6335@outlook.edu
PAS151,Phelan,Bradshaw,3.8,Female,(941) 755-1727,phelan@google.edu
PAS152,Bianca,Navarro,2.3,Male ,(437) 265-7197,bianca6985@google.org
PAS153,Mari,Douglas,3.7,Female,(229) 512-3121,mari@google.org
PAS154,Kellie,Richardson,3.4,Female,(823) 847-0462,kellie@outlook.org
PAS155,Aretha,Benson,4.8,Male ,(741) 757-8478,aretha@outlook.org
PAS156,Malik,Burt,4.1,Female,(862) 319-6041,malik660@outlook.com
PAS157,Winter,Frazier,3.3,Male ,(246) 278-9890,winter2057@outlook.com
PAS158,Nicole,Norris,4.4,Male ,(241) 253-5656,nicole@google.com
PAS159,Sheila,Gilbert,2.3,Female,(760) 763-8321,sheila8838@outlook.com
PAS160,Virginia,Mcmahon,4.4,Female,(164) 638-4820,virginia@outlook.com
PAS161,Iliana,Atkinson,4,Male ,(175) 885-4063,iliana@google.edu
PAS162,Louis,Best,3.8,Male ,(178) 941-0186,louis@outlook.org
PAS163,Gay,Tillman,3.8,Male ,(581) 789-8626,gay@google.org
PAS164,Kessie,Nolan,3.8,Male ,(258) 274-2227,kessie214@yahoo.edu
PAS165,Richard,Kim,2.3,Female,(264) 278-3077,richard1007@google.com
PAS166,Tanner,Frank,3.6,Male ,(476) 343-8308,tanner@google.com
PAS167,Jelani,Bryant,1,Female,(874) 347-7229,jelani@google.edu
PAS168,Warren,Pearson,3,Female,(533) 363-8378,warren@yahoo.org
PAS169,George,Velez,2.2,Female,(742) 535-7262,george@yahoo.edu
PAS170,Harper,Knowles,1.9,Male ,(847) 217-8306,harper1625@outlook.edu
PAS171,Eric,Maynard,2.8,Male ,(439) 815-7888,eric8184@outlook.org
PAS172,Jolie,Hatfield,2.9,Female,(387) 621-5446,jolie@yahoo.com
PAS173,Kiona,Russo,2.4,Male ,(359) 854-6675,kiona@google.com
PAS174,Abraham,Maddox,2.7,Male ,(473) 293-0118,abraham@google.edu
PAS175,Ishmael,Ballard,1.7,Female,(601) 841-9985,ishmael@yahoo.com
PAS176,Deborah,Austin,2.2,Female,(622) 447-5504,deborah5691@yahoo.org
PAS177,Beau,Christensen,2.2,Female,(757) 620-2177,beau@yahoo.com
PAS178,Hakeem,Wong,4.3,Male ,(843) 714-8143,hakeem@outlook.edu
PAS179,Yardley,Sutton,3.5,Female,(596) 112-6549,yardley2669@yahoo.edu
PAS180,Shannon,Bauer,4.4,Male ,(335) 458-0021,shannon1906@yahoo.edu
PAS181,Caryn,Fitzgerald,2.2,Male ,(828) 394-9782,caryn9014@outlook.org
PAS182,Hammett,Booker,3.6,Female,(174) 435-8298,hammett8906@google.com
PAS183,Sheila,Humphrey,2.3,Male ,(547) 111-7723,sheila@google.edu
PAS184,Acton,Lane,3.9,Female,(944) 779-4272,acton@outlook.org
PAS185,Rajah,Irwin,3.4,Female,(602) 191-5413,rajah4166@yahoo.org
PAS186,Amy,Paul,1.4,Female,(432) 291-4827,amy7922@yahoo.edu
PAS187,Nevada,Lowe,4.3,Male ,(263) 815-6534,nevada7532@google.org
PAS188,Moses,Gay,3.4,Female,(870) 878-1612,moses2790@yahoo.edu
PAS189,Rhoda,Gallegos,4.3,Male ,(645) 417-7538,rhoda2061@outlook.edu
PAS190,Simone,Nash,2.5,Female,(808) 146-7197,simone@outlook.edu
PAS191,Deirdre,Morales,3.4,Male ,(580) 575-5311,deirdre5095@yahoo.com
PAS192,Branden,Dale,3.4,Male ,(725) 345-7991,branden@outlook.org
PAS193,Tamara,Frost,3.2,Male ,(282) 649-6422,tamara@google.com
PAS194,Lewis,Wilson,2.2,Male ,(783) 354-3892,lewis@yahoo.org
PAS195,Haley,Knapp,3.4,Male ,(292) 683-6244,haley@yahoo.com
PAS196,Keegan,Dominguez,2,Male ,(308) 947-7258,keegan@google.org
PAS197,Karen,Riley,2.4,Male ,(146) 776-4434,karen@outlook.com
PAS198,Chaim,Hammond,3.5,Female,(817) 923-2832,chaim@outlook.com
PAS199,Louis,Robertson,2.8,Male ,(512) 828-6382,louis3194@google.com
